{"cameraMode":{"drawMode":0,"name":"Shaded","section":"Shading Mode"},"sceneLighting":true,"audioPlay":false,"sceneViewState":{"m_AlwaysRefresh":false,"showFog":true,"showSkybox":true,"showFlares":true,"showImageEffects":true,"showParticleSystems":true,"showVisualEffectGraphs":true,"m_FxEnabled":true},"in2DMode":false,"pivot":{"x":0.6323397159576416,"y":-0.23395347595214845,"z":-0.553206205368042},"rotation":{"x":-0.1620701253414154,"y":0.7658933401107788,"z":-0.21222257614135743,"w":-0.5848979353904724},"size":2.6790716648101808,"orthographic":false}